{
  "test_results": {
    "tests_run": 12,
    "failures": 0,
    "errors": 0,
    "success_rate": 100.0
  },
  "benchmark_results": {
    "discovery_time": 0.014723062515258789,
    "pattern_time": 0.0001270771026611328,
    "validation_time": 0.0009951591491699219,
    "total_time": 0.015845298767089844,
    "formulas_discovered": 0,
    "patterns_found": 3,
    "formulas_validated": 5
  },
  "timestamp": "2025-10-13 21:25:02"
}